PLZ,1010
PLZ,1020
PLZ,1030
PLZ,1040
PLZ,1050
PLZ,1060
PLZ,1070
PLZ,1080
PLZ,1090
PLZ,1100
PLZ,1110
PLZ,1120
PLZ,1130
PLZ,1140
PLZ,1150
PLZ,1160
PLZ,1170
PLZ,1180
PLZ,1190
PLZ,1200
PLZ,1210
PLZ,1220
PLZ,1230
PLZ,1300
PLZ,2000
PLZ,2002
PLZ,2003
PLZ,2004
PLZ,2011
PLZ,2013
PLZ,2014
PLZ,2020
PLZ,2022
PLZ,2023
PLZ,2024
PLZ,2031
PLZ,2032
PLZ,2033
PLZ,2034
PLZ,2041
PLZ,2042
PLZ,2051
PLZ,2052
PLZ,2053
PLZ,2054
PLZ,2061
PLZ,2062
PLZ,2063
PLZ,2064
PLZ,2070
PLZ,2073
PLZ,2074
PLZ,2081
PLZ,2082
PLZ,2083
PLZ,2084
PLZ,2091
PLZ,2092
PLZ,2093
PLZ,2094
PLZ,2095
PLZ,2100
PLZ,2102
PLZ,2103
PLZ,2104
PLZ,2105
PLZ,2111
PLZ,2112
PLZ,2113
PLZ,2114
PLZ,2115
PLZ,2116
PLZ,2120
PLZ,2122
PLZ,2123
PLZ,2124
PLZ,2125
PLZ,2126
PLZ,2130
PLZ,2132
PLZ,2133
PLZ,2134
PLZ,2135
PLZ,2136
PLZ,2141
PLZ,2143
PLZ,2144
PLZ,2145
PLZ,2151
PLZ,2152
PLZ,2153
PLZ,2154
PLZ,2161
PLZ,2162
PLZ,2163
PLZ,2164
PLZ,2165
PLZ,2170
PLZ,2171
PLZ,2172
PLZ,2181
PLZ,2182
PLZ,2183
PLZ,2184
PLZ,2185
PLZ,2191
PLZ,2192
PLZ,2193
PLZ,2201
PLZ,2202
PLZ,2203
PLZ,2211
PLZ,2212
PLZ,2213
PLZ,2214
PLZ,2215
PLZ,2221
PLZ,2222
PLZ,2223
PLZ,2224
PLZ,2225
PLZ,2230
PLZ,2231
PLZ,2232
PLZ,2241
PLZ,2242
PLZ,2243
PLZ,2244
PLZ,2245
PLZ,2251
PLZ,2252
PLZ,2253
PLZ,2261
PLZ,2262
PLZ,2263
PLZ,2264
PLZ,2265
PLZ,2272
PLZ,2273
PLZ,2274
PLZ,2275
PLZ,2276
PLZ,2280
PLZ,2281
PLZ,2282
PLZ,2283
PLZ,2284
PLZ,2285
PLZ,2286
PLZ,2291
PLZ,2292
PLZ,2293
PLZ,2294
PLZ,2295
PLZ,2301
PLZ,2304
PLZ,2305
PLZ,2320
PLZ,2322
PLZ,2325
PLZ,2326
PLZ,2331
PLZ,2332
PLZ,2333
PLZ,2334
PLZ,2340
PLZ,2344
PLZ,2345
PLZ,2351
PLZ,2352
PLZ,2353
PLZ,2361
PLZ,2362
PLZ,2371
PLZ,2372
PLZ,2380
PLZ,2381
PLZ,2384
PLZ,2391
PLZ,2392
PLZ,2393
PLZ,2401
PLZ,2402
PLZ,2403
PLZ,2404
PLZ,2405
PLZ,2410
PLZ,2412
PLZ,2413
PLZ,2421
PLZ,2422
PLZ,2423
PLZ,2424
PLZ,2425
PLZ,2431
PLZ,2432
PLZ,2433
PLZ,2434
PLZ,2435
PLZ,2440
PLZ,2441
PLZ,2442
PLZ,2443
PLZ,2444
PLZ,2451
PLZ,2452
PLZ,2453
PLZ,2454
PLZ,2460
PLZ,2462
PLZ,2463
PLZ,2464
PLZ,2465
PLZ,2471
PLZ,2472
PLZ,2473
PLZ,2474
PLZ,2475
PLZ,2481
PLZ,2482
PLZ,2483
PLZ,2485
PLZ,2486
PLZ,2490
PLZ,2491
PLZ,2492
PLZ,2493
PLZ,2500
PLZ,2504
PLZ,2511
PLZ,2512
PLZ,2514
PLZ,2521
PLZ,2522
PLZ,2523
PLZ,2524
PLZ,2525
PLZ,2531
PLZ,2532
PLZ,2533
PLZ,2534
PLZ,2540
PLZ,2542
PLZ,2544
PLZ,2551
PLZ,2552
PLZ,2560
PLZ,2563
PLZ,2564
PLZ,2565
PLZ,2571
PLZ,2572
PLZ,2601
PLZ,2602
PLZ,2603
PLZ,2604
PLZ,2620
PLZ,2624
PLZ,2625
PLZ,2630
PLZ,2631
PLZ,2632
PLZ,2640
PLZ,2641
PLZ,2650
PLZ,2651
PLZ,2661
PLZ,2662
PLZ,2663
PLZ,2671
PLZ,2673
PLZ,2680
PLZ,2700
PLZ,2721
PLZ,2722
PLZ,2723
PLZ,2724
PLZ,2731
PLZ,2732
PLZ,2733
PLZ,2734
PLZ,2751
PLZ,2752
PLZ,2753
PLZ,2754
PLZ,2755
PLZ,2761
PLZ,2763
PLZ,2770
PLZ,2801
PLZ,2802
PLZ,2803
PLZ,2811
PLZ,2812
PLZ,2813
PLZ,2821
PLZ,2822
PLZ,2823
PLZ,2824
PLZ,2831
PLZ,2832
PLZ,2833
PLZ,2840
PLZ,2842
PLZ,2851
PLZ,2852
PLZ,2853
PLZ,2860
PLZ,2870
PLZ,2871
PLZ,2872
PLZ,2873
PLZ,2880
PLZ,2881
PLZ,3001
PLZ,3002
PLZ,3003
PLZ,3004
PLZ,3011
PLZ,3012
PLZ,3013
PLZ,3021
PLZ,3031
PLZ,3032
PLZ,3033
PLZ,3034
PLZ,3040
PLZ,3041
PLZ,3042
PLZ,3051
PLZ,3052
PLZ,3053
PLZ,3061
PLZ,3062
PLZ,3071
PLZ,3072
PLZ,3073
PLZ,3074
PLZ,3100
PLZ,3104
PLZ,3105
PLZ,3107
PLZ,3109
PLZ,3110
PLZ,3121
PLZ,3122
PLZ,3123
PLZ,3124
PLZ,3125
PLZ,3130
PLZ,3131
PLZ,3133
PLZ,3134
PLZ,3140
PLZ,3141
PLZ,3142
PLZ,3143
PLZ,3144
PLZ,3150
PLZ,3151
PLZ,3153
PLZ,3160
PLZ,3161
PLZ,3162
PLZ,3163
PLZ,3170
PLZ,3171
PLZ,3172
PLZ,3180
PLZ,3182
PLZ,3183
PLZ,3184
PLZ,3192
PLZ,3193
PLZ,3195
PLZ,3200
PLZ,3202
PLZ,3203
PLZ,3204
PLZ,3205
PLZ,3211
PLZ,3212
PLZ,3213
PLZ,3214
PLZ,3221
PLZ,3222
PLZ,3223
PLZ,3224
PLZ,3231
PLZ,3232
PLZ,3233
PLZ,3240
PLZ,3241
PLZ,3242
PLZ,3243
PLZ,3244
PLZ,3250
PLZ,3251
PLZ,3252
PLZ,3253
PLZ,3254
PLZ,3261
PLZ,3262
PLZ,3263
PLZ,3264
PLZ,3270
PLZ,3281
PLZ,3282
PLZ,3283
PLZ,3291
PLZ,3292
PLZ,3293
PLZ,3294
PLZ,3295
PLZ,3300
PLZ,3304
PLZ,3311
PLZ,3312
PLZ,3313
PLZ,3314
PLZ,3321
PLZ,3322
PLZ,3323
PLZ,3324
PLZ,3325
PLZ,3331
PLZ,3332
PLZ,3333
PLZ,3334
PLZ,3335
PLZ,3340
PLZ,3341
PLZ,3342
PLZ,3343
PLZ,3344
PLZ,3345
PLZ,3350
PLZ,3351
PLZ,3352
PLZ,3353
PLZ,3354
PLZ,3355
PLZ,3361
PLZ,3362
PLZ,3363
PLZ,3364
PLZ,3365
PLZ,3370
PLZ,3371
PLZ,3372
PLZ,3373
PLZ,3374
PLZ,3375
PLZ,3376
PLZ,3380
PLZ,3381
PLZ,3382
PLZ,3383
PLZ,3384
PLZ,3385
PLZ,3386
PLZ,3390
PLZ,3392
PLZ,3393
PLZ,3400
PLZ,3413
PLZ,3420
PLZ,3421
PLZ,3422
PLZ,3423
PLZ,3424
PLZ,3425
PLZ,3426
PLZ,3430
PLZ,3433
PLZ,3434
PLZ,3435
PLZ,3441
PLZ,3442
PLZ,3443
PLZ,3451
PLZ,3452
PLZ,3454
PLZ,3462
PLZ,3463
PLZ,3464
PLZ,3465
PLZ,3470
PLZ,3471
PLZ,3472
PLZ,3473
PLZ,3474
PLZ,3481
PLZ,3482
PLZ,3483
PLZ,3484
PLZ,3485
PLZ,3491
PLZ,3492
PLZ,3493
PLZ,3494
PLZ,3495
PLZ,3500
PLZ,3506
PLZ,3508
PLZ,3511
PLZ,3512
PLZ,3521
PLZ,3522
PLZ,3524
PLZ,3525
PLZ,3531
PLZ,3532
PLZ,3533
PLZ,3541
PLZ,3542
PLZ,3543
PLZ,3544
PLZ,3550
PLZ,3552
PLZ,3553
PLZ,3561
PLZ,3562
PLZ,3564
PLZ,3571
PLZ,3572
PLZ,3573
PLZ,3580
PLZ,3591
PLZ,3592
PLZ,3593
PLZ,3594
PLZ,3595
PLZ,3601
PLZ,3602
PLZ,3610
PLZ,3611
PLZ,3613
PLZ,3620
PLZ,3621
PLZ,3622
PLZ,3623
PLZ,3631
PLZ,3632
PLZ,3633
PLZ,3641
PLZ,3642
PLZ,3643
PLZ,3644
PLZ,3650
PLZ,3652
PLZ,3653
PLZ,3654
PLZ,3660
PLZ,3661
PLZ,3662
PLZ,3663
PLZ,3664
PLZ,3665
PLZ,3671
PLZ,3672
PLZ,3680
PLZ,3681
PLZ,3683
PLZ,3684
PLZ,3691
PLZ,3701
PLZ,3702
PLZ,3704
PLZ,3710
PLZ,3711
PLZ,3712
PLZ,3713
PLZ,3714
PLZ,3720
PLZ,3721
PLZ,3722
PLZ,3730
PLZ,3741
PLZ,3742
PLZ,3743
PLZ,3744
PLZ,3751
PLZ,3752
PLZ,3753
PLZ,3754
PLZ,3761
PLZ,3762
PLZ,3763
PLZ,3800
PLZ,3804
PLZ,3811
PLZ,3812
PLZ,3813
PLZ,3814
PLZ,3820
PLZ,3822
PLZ,3823
PLZ,3824
PLZ,3830
PLZ,3834
PLZ,3841
PLZ,3842
PLZ,3843
PLZ,3844
PLZ,3851
PLZ,3852
PLZ,3860
PLZ,3861
PLZ,3862
PLZ,3863
PLZ,3871
PLZ,3872
PLZ,3873
PLZ,3874
PLZ,3900
PLZ,3902
PLZ,3903
PLZ,3910
PLZ,3911
PLZ,3912
PLZ,3913
PLZ,3914
PLZ,3920
PLZ,3921
PLZ,3922
PLZ,3923
PLZ,3924
PLZ,3925
PLZ,3931
PLZ,3932
PLZ,3942
PLZ,3943
PLZ,3944
PLZ,3945
PLZ,3950
PLZ,3961
PLZ,3962
PLZ,3970
PLZ,3971
PLZ,3972
PLZ,3973
PLZ,4020
PLZ,4030
PLZ,4040
PLZ,4048
PLZ,4050
PLZ,4052
PLZ,4053
PLZ,4055
PLZ,4060
PLZ,4061
PLZ,4062
PLZ,4063
PLZ,4064
PLZ,4070
PLZ,4072
PLZ,4073
PLZ,4074
PLZ,4075
PLZ,4076
PLZ,4081
PLZ,4082
PLZ,4083
PLZ,4084
PLZ,4085
PLZ,4090
PLZ,4091
PLZ,4092
PLZ,4100
PLZ,4101
PLZ,4102
PLZ,4111
PLZ,4112
PLZ,4113
PLZ,4114
PLZ,4115
PLZ,4116
PLZ,4120
PLZ,4121
PLZ,4122
PLZ,4131
PLZ,4132
PLZ,4133
PLZ,4134
PLZ,4141
PLZ,4142
PLZ,4143
PLZ,4144
PLZ,4150
PLZ,4151
PLZ,4152
PLZ,4153
PLZ,4154
PLZ,4155
PLZ,4160
PLZ,4161
PLZ,4162
PLZ,4163
PLZ,4164
PLZ,4170
PLZ,4171
PLZ,4172
PLZ,4173
PLZ,4174
PLZ,4175
PLZ,4180
PLZ,4181
PLZ,4182
PLZ,4183
PLZ,4184
PLZ,4190
PLZ,4191
PLZ,4192
PLZ,4193
PLZ,4201
PLZ,4202
PLZ,4203
PLZ,4204
PLZ,4209
PLZ,4210
PLZ,4211
PLZ,4212
PLZ,4213
PLZ,4221
PLZ,4222
PLZ,4223
PLZ,4224
PLZ,4225
PLZ,4230
PLZ,4232
PLZ,4240
PLZ,4242
PLZ,4251
PLZ,4252
PLZ,4261
PLZ,4262
PLZ,4263
PLZ,4264
PLZ,4271
PLZ,4272
PLZ,4273
PLZ,4274
PLZ,4280
PLZ,4281
PLZ,4282
PLZ,4283
PLZ,4284
PLZ,4291
PLZ,4292
PLZ,4293
PLZ,4294
PLZ,4300
PLZ,4303
PLZ,4310
PLZ,4311
PLZ,4312
PLZ,4320
PLZ,4322
PLZ,4323
PLZ,4324
PLZ,4331
PLZ,4332
PLZ,4341
PLZ,4342
PLZ,4343
PLZ,4351
PLZ,4352
PLZ,4360
PLZ,4362
PLZ,4363
PLZ,4364
PLZ,4371
PLZ,4372
PLZ,4381
PLZ,4382
PLZ,4391
PLZ,4392
PLZ,4400
PLZ,4407
PLZ,4421
PLZ,4431
PLZ,4432
PLZ,4441
PLZ,4442
PLZ,4443
PLZ,4451
PLZ,4452
PLZ,4453
PLZ,4460
PLZ,4461
PLZ,4462
PLZ,4463
PLZ,4464
PLZ,4470
PLZ,4481
PLZ,4482
PLZ,4483
PLZ,4484
PLZ,4490
PLZ,4491
PLZ,4492
PLZ,4493
PLZ,4501
PLZ,4502
PLZ,4511
PLZ,4521
PLZ,4522
PLZ,4523
PLZ,4531
PLZ,4532
PLZ,4533
PLZ,4540
PLZ,4541
PLZ,4542
PLZ,4550
PLZ,4551
PLZ,4552
PLZ,4553
PLZ,4554
PLZ,4560
PLZ,4562
PLZ,4563
PLZ,4564
PLZ,4565
PLZ,4571
PLZ,4572
PLZ,4573
PLZ,4574
PLZ,4575
PLZ,4580
PLZ,4581
PLZ,4582
PLZ,4591
PLZ,4592
PLZ,4593
PLZ,4594
PLZ,4595
PLZ,4596
PLZ,4600
PLZ,4611
PLZ,4612
PLZ,4613
PLZ,4614
PLZ,4615
PLZ,4616
PLZ,4621
PLZ,4622
PLZ,4623
PLZ,4624
PLZ,4625
PLZ,4631
PLZ,4632
PLZ,4633
PLZ,4641
PLZ,4642
PLZ,4643
PLZ,4644
PLZ,4645
PLZ,4650
PLZ,4651
PLZ,4652
PLZ,4653
PLZ,4654
PLZ,4655
PLZ,4656
PLZ,4661
PLZ,4662
PLZ,4663
PLZ,4664
PLZ,4671
PLZ,4672
PLZ,4673
PLZ,4674
PLZ,4675
PLZ,4676
PLZ,4680
PLZ,4681
PLZ,4682
PLZ,4690
PLZ,4691
PLZ,4692
PLZ,4693
PLZ,4694
PLZ,4701
PLZ,4702
PLZ,4707
PLZ,4710
PLZ,4712
PLZ,4713
PLZ,4714
PLZ,4715
PLZ,4716
PLZ,4720
PLZ,4721
PLZ,4722
PLZ,4723
PLZ,4724
PLZ,4725
PLZ,4730
PLZ,4731
PLZ,4732
PLZ,4733
PLZ,4741
PLZ,4742
PLZ,4743
PLZ,4751
PLZ,4752
PLZ,4753
PLZ,4754
PLZ,4755
PLZ,4760
PLZ,4761
PLZ,4762
PLZ,4770
PLZ,4771
PLZ,4772
PLZ,4773
PLZ,4774
PLZ,4775
PLZ,4776
PLZ,4777
PLZ,4780
PLZ,4782
PLZ,4783
PLZ,4784
PLZ,4785
PLZ,4786
PLZ,4791
PLZ,4792
PLZ,4793
PLZ,4794
PLZ,4800
PLZ,4801
PLZ,4802
PLZ,4810
PLZ,4812
PLZ,4813
PLZ,4814
PLZ,4816
PLZ,4817
PLZ,4820
PLZ,4821
PLZ,4822
PLZ,4823
PLZ,4824
PLZ,4825
PLZ,4830
PLZ,4831
PLZ,4840
PLZ,4841
PLZ,4842
PLZ,4843
PLZ,4844
PLZ,4845
PLZ,4846
PLZ,4849
PLZ,4850
PLZ,4851
PLZ,4852
PLZ,4853
PLZ,4854
PLZ,4860
PLZ,4861
PLZ,4863
PLZ,4864
PLZ,4865
PLZ,4866
PLZ,4870
PLZ,4871
PLZ,4872
PLZ,4873
PLZ,4880
PLZ,4881
PLZ,4882
PLZ,4890
PLZ,4891
PLZ,4892
PLZ,4893
PLZ,4894
PLZ,4901
PLZ,4902
PLZ,4903
PLZ,4904
PLZ,4906
PLZ,4910
PLZ,4911
PLZ,4912
PLZ,4920
PLZ,4921
PLZ,4922
PLZ,4923
PLZ,4924
PLZ,4925
PLZ,4926
PLZ,4931
PLZ,4932
PLZ,4933
PLZ,4941
PLZ,4942
PLZ,4943
PLZ,4950
PLZ,4951
PLZ,4952
PLZ,4961
PLZ,4962
PLZ,4963
PLZ,4970
PLZ,4971
PLZ,4972
PLZ,4973
PLZ,4974
PLZ,4975
PLZ,4980
PLZ,4981
PLZ,4982
PLZ,4983
PLZ,4984
PLZ,5020
PLZ,5023
PLZ,5026
PLZ,5061
PLZ,5071
PLZ,5081
PLZ,5082
PLZ,5083
PLZ,5084
PLZ,5090
PLZ,5091
PLZ,5092
PLZ,5093
PLZ,5101
PLZ,5102
PLZ,5110
PLZ,5111
PLZ,5112
PLZ,5113
PLZ,5114
PLZ,5120
PLZ,5121
PLZ,5122
PLZ,5123
PLZ,5131
PLZ,5132
PLZ,5133
PLZ,5134
PLZ,5141
PLZ,5142
PLZ,5143
PLZ,5144
PLZ,5145
PLZ,5151
PLZ,5152
PLZ,5161
PLZ,5162
PLZ,5163
PLZ,5164
PLZ,5165
PLZ,5166
PLZ,5201
PLZ,5202
PLZ,5203
PLZ,5204
PLZ,5205
PLZ,5211
PLZ,5212
PLZ,5221
PLZ,5222
PLZ,5223
PLZ,5224
PLZ,5225
PLZ,5230
PLZ,5231
PLZ,5232
PLZ,5233
PLZ,5241
PLZ,5242
PLZ,5251
PLZ,5252
PLZ,5261
PLZ,5270
PLZ,5271
PLZ,5272
PLZ,5273
PLZ,5274
PLZ,5280
PLZ,5282
PLZ,5300
PLZ,5301
PLZ,5302
PLZ,5303
PLZ,5310
PLZ,5311
PLZ,5321
PLZ,5322
PLZ,5323
PLZ,5324
PLZ,5325
PLZ,5330
PLZ,5340
PLZ,5342
PLZ,5350
PLZ,5360
PLZ,5400
PLZ,5411
PLZ,5412
PLZ,5421
PLZ,5422
PLZ,5423
PLZ,5424
PLZ,5425
PLZ,5431
PLZ,5440
PLZ,5441
PLZ,5442
PLZ,5450
PLZ,5451
PLZ,5452
PLZ,5453
PLZ,5500
PLZ,5505
PLZ,5511
PLZ,5521
PLZ,5522
PLZ,5523
PLZ,5524
PLZ,5531
PLZ,5532
PLZ,5541
PLZ,5542
PLZ,5550
PLZ,5552
PLZ,5561
PLZ,5562
PLZ,5563
PLZ,5570
PLZ,5571
PLZ,5572
PLZ,5573
PLZ,5574
PLZ,5575
PLZ,5580
PLZ,5581
PLZ,5582
PLZ,5583
PLZ,5584
PLZ,5585
PLZ,5591
PLZ,5592
PLZ,5600
PLZ,5602
PLZ,5603
PLZ,5611
PLZ,5612
PLZ,5620
PLZ,5621
PLZ,5622
PLZ,5630
PLZ,5632
PLZ,5640
PLZ,5645
PLZ,5651
PLZ,5652
PLZ,5660
PLZ,5661
PLZ,5662
PLZ,5671
PLZ,5672
PLZ,5700
PLZ,5710
PLZ,5721
PLZ,5722
PLZ,5723
PLZ,5724
PLZ,5730
PLZ,5731
PLZ,5733
PLZ,5741
PLZ,5742
PLZ,5743
PLZ,5751
PLZ,5752
PLZ,5753
PLZ,5754
PLZ,5760
PLZ,5761
PLZ,5771
PLZ,6020
PLZ,6060
PLZ,6063
PLZ,6065
PLZ,6067
PLZ,6068
PLZ,6069
PLZ,6070
PLZ,6071
PLZ,6072
PLZ,6073
PLZ,6074
PLZ,6075
PLZ,6080
PLZ,6082
PLZ,6083
PLZ,6091
PLZ,6092
PLZ,6094
PLZ,6095
PLZ,6100
PLZ,6103
PLZ,6105
PLZ,6108
PLZ,6111
PLZ,6112
PLZ,6113
PLZ,6114
PLZ,6115
PLZ,6116
PLZ,6121
PLZ,6122
PLZ,6123
PLZ,6130
PLZ,6133
PLZ,6134
PLZ,6135
PLZ,6136
PLZ,6141
PLZ,6142
PLZ,6143
PLZ,6145
PLZ,6150
PLZ,6152
PLZ,6154
PLZ,6156
PLZ,6157
PLZ,6161
PLZ,6162
PLZ,6165
PLZ,6166
PLZ,6167
PLZ,6170
PLZ,6173
PLZ,6175
PLZ,6176
PLZ,6178
PLZ,6179
PLZ,6181
PLZ,6182
PLZ,6183
PLZ,6184
PLZ,6200
PLZ,6210
PLZ,6212
PLZ,6213
PLZ,6215
PLZ,6220
PLZ,6222
PLZ,6230
PLZ,6232
PLZ,6233
PLZ,6234
PLZ,6235
PLZ,6236
PLZ,6240
PLZ,6241
PLZ,6250
PLZ,6252
PLZ,6260
PLZ,6261
PLZ,6262
PLZ,6263
PLZ,6264
PLZ,6265
PLZ,6271
PLZ,6272
PLZ,6273
PLZ,6274
PLZ,6275
PLZ,6276
PLZ,6277
PLZ,6278
PLZ,6280
PLZ,6281
PLZ,6283
PLZ,6284
PLZ,6290
PLZ,6292
PLZ,6293
PLZ,6294
PLZ,6295
PLZ,6300
PLZ,6305
PLZ,6306
PLZ,6311
PLZ,6313
PLZ,6314
PLZ,6320
PLZ,6321
PLZ,6322
PLZ,6323
PLZ,6324
PLZ,6330
PLZ,6334
PLZ,6335
PLZ,6336
PLZ,6341
PLZ,6342
PLZ,6343
PLZ,6344
PLZ,6345
PLZ,6346
PLZ,6347
PLZ,6351
PLZ,6352
PLZ,6353
PLZ,6361
PLZ,6363
PLZ,6364
PLZ,6365
PLZ,6370
PLZ,6371
PLZ,6372
PLZ,6373
PLZ,6380
PLZ,6382
PLZ,6383
PLZ,6384
PLZ,6385
PLZ,6391
PLZ,6392
PLZ,6393
PLZ,6395
PLZ,6401
PLZ,6402
PLZ,6403
PLZ,6404
PLZ,6405
PLZ,6406
PLZ,6408
PLZ,6410
PLZ,6413
PLZ,6414
PLZ,6416
PLZ,6421
PLZ,6422
PLZ,6423
PLZ,6424
PLZ,6425
PLZ,6426
PLZ,6430
PLZ,6432
PLZ,6433
PLZ,6441
PLZ,6444
PLZ,6450
PLZ,6456
PLZ,6458
PLZ,6460
PLZ,6462
PLZ,6463
PLZ,6464
PLZ,6465
PLZ,6471
PLZ,6473
PLZ,6474
PLZ,6481
PLZ,6491
PLZ,6492
PLZ,6493
PLZ,6500
PLZ,6511
PLZ,6521
PLZ,6522
PLZ,6524
PLZ,6525
PLZ,6526
PLZ,6527
PLZ,6528
PLZ,6531
PLZ,6532
PLZ,6533
PLZ,6534
PLZ,6541
PLZ,6542
PLZ,6543
PLZ,6544
PLZ,6551
PLZ,6552
PLZ,6553
PLZ,6555
PLZ,6561
PLZ,6562
PLZ,6563
PLZ,6571
PLZ,6572
PLZ,6574
PLZ,6580
PLZ,6591
PLZ,6600
PLZ,6604
PLZ,6610
PLZ,6611
PLZ,6621
PLZ,6622
PLZ,6623
PLZ,6631
PLZ,6632
PLZ,6633
PLZ,6642
PLZ,6644
PLZ,6645
PLZ,6646
PLZ,6647
PLZ,6650
PLZ,6651
PLZ,6652
PLZ,6653
PLZ,6654
PLZ,6655
PLZ,6670
PLZ,6671
PLZ,6672
PLZ,6673
PLZ,6675
PLZ,6677
PLZ,6682
PLZ,6691
PLZ,6700
PLZ,6706
PLZ,6707
PLZ,6708
PLZ,6710
PLZ,6712
PLZ,6713
PLZ,6714
PLZ,6719
PLZ,6721
PLZ,6722
PLZ,6723
PLZ,6731
PLZ,6733
PLZ,6741
PLZ,6751
PLZ,6752
PLZ,6754
PLZ,6762
PLZ,6763
PLZ,6764
PLZ,6767
PLZ,6771
PLZ,6773
PLZ,6774
PLZ,6780
PLZ,6781
PLZ,6782
PLZ,6787
PLZ,6791
PLZ,6793
PLZ,6794
PLZ,6800
PLZ,6811
PLZ,6812
PLZ,6820
PLZ,6822
PLZ,6824
PLZ,6830
PLZ,6832
PLZ,6833
PLZ,6834
PLZ,6835
PLZ,6836
PLZ,6837
PLZ,6840
PLZ,6841
PLZ,6842
PLZ,6844
PLZ,6845
PLZ,6850
PLZ,6858
PLZ,6861
PLZ,6863
PLZ,6866
PLZ,6867
PLZ,6870
PLZ,6874
PLZ,6881
PLZ,6882
PLZ,6883
PLZ,6884
PLZ,6886
PLZ,6888
PLZ,6890
PLZ,6900
PLZ,6911
PLZ,6912
PLZ,6914
PLZ,6921
PLZ,6922
PLZ,6923
PLZ,6932
PLZ,6933
PLZ,6934
PLZ,6941
PLZ,6942
PLZ,6943
PLZ,6951
PLZ,6952
PLZ,6960
PLZ,6971
PLZ,6972
PLZ,6973
PLZ,6974
PLZ,6991
PLZ,6992
PLZ,6993
PLZ,7000
PLZ,7011
PLZ,7012
PLZ,7013
PLZ,7020
PLZ,7021
PLZ,7022
PLZ,7023
PLZ,7024
PLZ,7031
PLZ,7032
PLZ,7033
PLZ,7034
PLZ,7035
PLZ,7041
PLZ,7042
PLZ,7051
PLZ,7052
PLZ,7053
PLZ,7061
PLZ,7062
PLZ,7063
PLZ,7064
PLZ,7071
PLZ,7072
PLZ,7081
PLZ,7082
PLZ,7083
PLZ,7091
PLZ,7092
PLZ,7093
PLZ,7100
PLZ,7111
PLZ,7121
PLZ,7122
PLZ,7123
PLZ,7131
PLZ,7132
PLZ,7141
PLZ,7142
PLZ,7143
PLZ,7151
PLZ,7152
PLZ,7161
PLZ,7162
PLZ,7163
PLZ,7201
PLZ,7202
PLZ,7203
PLZ,7210
PLZ,7212
PLZ,7221
PLZ,7222
PLZ,7223
PLZ,7301
PLZ,7302
PLZ,7304
PLZ,7311
PLZ,7312
PLZ,7321
PLZ,7322
PLZ,7323
PLZ,7331
PLZ,7332
PLZ,7341
PLZ,7342
PLZ,7343
PLZ,7344
PLZ,7350
PLZ,7361
PLZ,7371
PLZ,7372
PLZ,7373
PLZ,7374
PLZ,7400
PLZ,7410
PLZ,7411
PLZ,7412
PLZ,7421
PLZ,7422
PLZ,7423
PLZ,7425
PLZ,7431
PLZ,7432
PLZ,7433
PLZ,7434
PLZ,7435
PLZ,7441
PLZ,7442
PLZ,7443
PLZ,7444
PLZ,7451
PLZ,7452
PLZ,7453
PLZ,7461
PLZ,7463
PLZ,7464
PLZ,7471
PLZ,7472
PLZ,7473
PLZ,7474
PLZ,7501
PLZ,7502
PLZ,7503
PLZ,7511
PLZ,7512
PLZ,7521
PLZ,7522
PLZ,7531
PLZ,7532
PLZ,7533
PLZ,7534
PLZ,7535
PLZ,7536
PLZ,7537
PLZ,7540
PLZ,7542
PLZ,7543
PLZ,7544
PLZ,7551
PLZ,7552
PLZ,7561
PLZ,7562
PLZ,7563
PLZ,7564
PLZ,7571
PLZ,7572
PLZ,7574
PLZ,8010
PLZ,8020
PLZ,8036
PLZ,8041
PLZ,8042
PLZ,8043
PLZ,8044
PLZ,8045
PLZ,8046
PLZ,8047
PLZ,8051
PLZ,8052
PLZ,8053
PLZ,8054
PLZ,8055
PLZ,8061
PLZ,8062
PLZ,8063
PLZ,8071
PLZ,8072
PLZ,8073
PLZ,8074
PLZ,8075
PLZ,8076
PLZ,8077
PLZ,8081
PLZ,8082
PLZ,8083
PLZ,8091
PLZ,8092
PLZ,8093
PLZ,8101
PLZ,8102
PLZ,8103
PLZ,8111
PLZ,8112
PLZ,8113
PLZ,8114
PLZ,8120
PLZ,8121
PLZ,8122
PLZ,8124
PLZ,8130
PLZ,8131
PLZ,8132
PLZ,8141
PLZ,8142
PLZ,8143
PLZ,8144
PLZ,8151
PLZ,8152
PLZ,8153
PLZ,8160
PLZ,8162
PLZ,8163
PLZ,8171
PLZ,8172
PLZ,8181
PLZ,8182
PLZ,8183
PLZ,8184
PLZ,8190
PLZ,8191
PLZ,8192
PLZ,8200
PLZ,8211
PLZ,8212
PLZ,8221
PLZ,8222
PLZ,8223
PLZ,8224
PLZ,8225
PLZ,8230
PLZ,8232
PLZ,8233
PLZ,8234
PLZ,8240
PLZ,8241
PLZ,8242
PLZ,8243
PLZ,8244
PLZ,8250
PLZ,8251
PLZ,8252
PLZ,8253
PLZ,8254
PLZ,8255
PLZ,8261
PLZ,8262
PLZ,8263
PLZ,8264
PLZ,8265
PLZ,8271
PLZ,8272
PLZ,8273
PLZ,8274
PLZ,8280
PLZ,8282
PLZ,8283
PLZ,8291
PLZ,8292
PLZ,8293
PLZ,8294
PLZ,8295
PLZ,8301
PLZ,8302
PLZ,8311
PLZ,8312
PLZ,8313
PLZ,8321
PLZ,8322
PLZ,8323
PLZ,8324
PLZ,8330
PLZ,8332
PLZ,8333
PLZ,8334
PLZ,8341
PLZ,8342
PLZ,8343
PLZ,8344
PLZ,8345
PLZ,8350
PLZ,8352
PLZ,8353
PLZ,8354
PLZ,8355
PLZ,8361
PLZ,8362
PLZ,8380
PLZ,8382
PLZ,8383
PLZ,8384
PLZ,8385
PLZ,8401
PLZ,8402
PLZ,8403
PLZ,8410
PLZ,8411
PLZ,8412
PLZ,8413
PLZ,8421
PLZ,8422
PLZ,8423
PLZ,8424
PLZ,8430
PLZ,8431
PLZ,8434
PLZ,8435
PLZ,8441
PLZ,8442
PLZ,8443
PLZ,8444
PLZ,8451
PLZ,8452
PLZ,8453
PLZ,8454
PLZ,8455
PLZ,8461
PLZ,8462
PLZ,8463
PLZ,8471
PLZ,8472
PLZ,8473
PLZ,8480
PLZ,8481
PLZ,8483
PLZ,8484
PLZ,8490
PLZ,8492
PLZ,8493
PLZ,8501
PLZ,8502
PLZ,8503
PLZ,8504
PLZ,8505
PLZ,8510
PLZ,8511
PLZ,8521
PLZ,8522
PLZ,8523
PLZ,8524
PLZ,8530
PLZ,8541
PLZ,8542
PLZ,8543
PLZ,8544
PLZ,8551
PLZ,8552
PLZ,8553
PLZ,8554
PLZ,8561
PLZ,8562
PLZ,8563
PLZ,8564
PLZ,8565
PLZ,8570
PLZ,8572
PLZ,8573
PLZ,8580
PLZ,8582
PLZ,8583
PLZ,8584
PLZ,8591
PLZ,8592
PLZ,8593
PLZ,8600
PLZ,8605
PLZ,8611
PLZ,8612
PLZ,8614
PLZ,8616
PLZ,8621
PLZ,8622
PLZ,8623
PLZ,8624
PLZ,8625
PLZ,8630
PLZ,8632
PLZ,8634
PLZ,8635
PLZ,8636
PLZ,8641
PLZ,8642
PLZ,8643
PLZ,8644
PLZ,8650
PLZ,8652
PLZ,8653
PLZ,8654
PLZ,8661
PLZ,8662
PLZ,8663
PLZ,8664
PLZ,8665
PLZ,8670
PLZ,8671
PLZ,8672
PLZ,8673
PLZ,8674
PLZ,8680
PLZ,8682
PLZ,8684
PLZ,8685
PLZ,8691
PLZ,8692
PLZ,8693
PLZ,8694
PLZ,8700
PLZ,8712
PLZ,8713
PLZ,8714
PLZ,8715
PLZ,8720
PLZ,8723
PLZ,8724
PLZ,8731
PLZ,8732
PLZ,8733
PLZ,8734
PLZ,8740
PLZ,8741
PLZ,8742
PLZ,8750
PLZ,8753
PLZ,8754
PLZ,8755
PLZ,8756
PLZ,8761
PLZ,8762
PLZ,8763
PLZ,8764
PLZ,8765
PLZ,8770
PLZ,8772
PLZ,8773
PLZ,8774
PLZ,8775
PLZ,8781
PLZ,8782
PLZ,8783
PLZ,8784
PLZ,8785
PLZ,8786
PLZ,8790
PLZ,8792
PLZ,8793
PLZ,8794
PLZ,8795
PLZ,8800
PLZ,8811
PLZ,8812
PLZ,8813
PLZ,8820
PLZ,8822
PLZ,8831
PLZ,8832
PLZ,8833
PLZ,8841
PLZ,8842
PLZ,8843
PLZ,8844
PLZ,8850
PLZ,8852
PLZ,8853
PLZ,8854
PLZ,8861
PLZ,8862
PLZ,8863
PLZ,8864
PLZ,8900
PLZ,8903
PLZ,8904
PLZ,8911
PLZ,8912
PLZ,8913
PLZ,8920
PLZ,8921
PLZ,8922
PLZ,8923
PLZ,8924
PLZ,8931
PLZ,8932
PLZ,8933
PLZ,8934
PLZ,8940
PLZ,8942
PLZ,8943
PLZ,8950
PLZ,8951
PLZ,8952
PLZ,8953
PLZ,8954
PLZ,8960
PLZ,8961
PLZ,8962
PLZ,8965
PLZ,8966
PLZ,8967
PLZ,8970
PLZ,8971
PLZ,8972
PLZ,8973
PLZ,8974
PLZ,8982
PLZ,8983
PLZ,8984
PLZ,8990
PLZ,8992
PLZ,8993
PLZ,9020
PLZ,9061
PLZ,9062
PLZ,9063
PLZ,9064
PLZ,9065
PLZ,9071
PLZ,9072
PLZ,9073
PLZ,9074
PLZ,9081
PLZ,9082
PLZ,9100
PLZ,9102
PLZ,9103
PLZ,9104
PLZ,9111
PLZ,9112
PLZ,9113
PLZ,9121
PLZ,9122
PLZ,9123
PLZ,9125
PLZ,9130
PLZ,9131
PLZ,9132
PLZ,9133
PLZ,9135
PLZ,9141
PLZ,9142
PLZ,9143
PLZ,9150
PLZ,9155
PLZ,9161
PLZ,9162
PLZ,9163
PLZ,9170
PLZ,9173
PLZ,9181
PLZ,9182
PLZ,9183
PLZ,9184
PLZ,9201
PLZ,9210
PLZ,9212
PLZ,9220
PLZ,9231
PLZ,9232
PLZ,9241
PLZ,9300
PLZ,9311
PLZ,9312
PLZ,9313
PLZ,9314
PLZ,9321
PLZ,9322
PLZ,9323
PLZ,9330
PLZ,9334
PLZ,9335
PLZ,9341
PLZ,9342
PLZ,9343
PLZ,9344
PLZ,9345
PLZ,9346
PLZ,9360
PLZ,9361
PLZ,9362
PLZ,9363
PLZ,9371
PLZ,9372
PLZ,9373
PLZ,9374
PLZ,9375
PLZ,9376
PLZ,9400
PLZ,9411
PLZ,9412
PLZ,9413
PLZ,9421
PLZ,9422
PLZ,9423
PLZ,9431
PLZ,9433
PLZ,9441
PLZ,9451
PLZ,9461
PLZ,9462
PLZ,9463
PLZ,9470
PLZ,9472
PLZ,9473
PLZ,9500
PLZ,9504
PLZ,9520
PLZ,9521
PLZ,9523
PLZ,9524
PLZ,9530
PLZ,9531
PLZ,9535
PLZ,9536
PLZ,9541
PLZ,9542
PLZ,9543
PLZ,9544
PLZ,9545
PLZ,9546
PLZ,9551
PLZ,9552
PLZ,9554
PLZ,9555
PLZ,9556
PLZ,9560
PLZ,9562
PLZ,9563
PLZ,9564
PLZ,9565
PLZ,9570
PLZ,9571
PLZ,9572
PLZ,9580
PLZ,9581
PLZ,9582
PLZ,9583
PLZ,9584
PLZ,9585
PLZ,9586
PLZ,9587
PLZ,9601
PLZ,9602
PLZ,9611
PLZ,9612
PLZ,9613
PLZ,9614
PLZ,9615
PLZ,9620
PLZ,9622
PLZ,9623
PLZ,9624
PLZ,9631
PLZ,9632
PLZ,9633
PLZ,9634
PLZ,9635
PLZ,9640
PLZ,9651
PLZ,9652
PLZ,9653
PLZ,9654
PLZ,9655
PLZ,9701
PLZ,9702
PLZ,9710
PLZ,9711
PLZ,9712
PLZ,9713
PLZ,9714
PLZ,9721
PLZ,9722
PLZ,9751
PLZ,9753
PLZ,9754
PLZ,9761
PLZ,9762
PLZ,9771
PLZ,9772
PLZ,9773
PLZ,9781
PLZ,9782
PLZ,9800
PLZ,9805
PLZ,9811
PLZ,9812
PLZ,9813
PLZ,9814
PLZ,9815
PLZ,9816
PLZ,9821
PLZ,9822
PLZ,9831
PLZ,9832
PLZ,9833
PLZ,9841
PLZ,9842
PLZ,9843
PLZ,9844
PLZ,9851
PLZ,9852
PLZ,9853
PLZ,9854
PLZ,9861
PLZ,9862
PLZ,9863
PLZ,9871
PLZ,9872
PLZ,9873
PLZ,9900
PLZ,9903
PLZ,9904
PLZ,9905
PLZ,9906
PLZ,9907
PLZ,9908
PLZ,9909
PLZ,9911
PLZ,9912
PLZ,9913
PLZ,9918
PLZ,9919
PLZ,9920
PLZ,9931
PLZ,9932
PLZ,9941
PLZ,9942
PLZ,9943
PLZ,9951
PLZ,9952
PLZ,9954
PLZ,9961
PLZ,9962
PLZ,9963
PLZ,9971
PLZ,9972
PLZ,9974
PLZ,9981
PLZ,9990
PLZ,9991
PLZ,9992
